{"cameraMode":{"drawMode":0,"name":"Shaded","section":"Shading Mode"},"sceneLighting":true,"audioPlay":false,"sceneViewState":{"showFog":true,"showMaterialUpdate":false,"showSkybox":true,"showFlares":true,"showImageEffects":true,"showParticleSystems":true,"showVisualEffectGraphs":true,"m_FxEnabled":true},"in2DMode":false,"pivot":{"x":-21.745540618896486,"y":-16.302270889282228,"z":-0.19344736635684968},"rotation":{"x":-0.26222094893455508,"y":0.6335290670394898,"z":-0.24193306267261506,"w":-0.6865748167037964},"size":24.181978225708009,"orthographic":false}